dataset,records,tasks,run,map_s,sort1_s,combine_s,sort2_s,reduce_s,total_s,shuffle_bytes,input_bytes,correct
small,100000,1,1,.219230058,.068635983,.079387593,.004954475,.005468273,.377676382,29862,4039594,yes
small,100000,1,2,.203402480,.068120979,.068727090,.004764092,.004480571,.349495212,29862,4039594,yes
small,100000,1,3,.214698237,.054186599,.055002315,.004876636,.004605837,.333369624,29862,4039594,yes
small,100000,2,1,.159671994,.088268314,.073333240,.006981376,.005144255,.333399179,39795,4039594,yes
small,100000,2,2,.148681439,.073971278,.067039040,.006202299,.004884647,.300778703,39795,4039594,yes
small,100000,2,3,.144464664,.068326502,.073574416,.006514429,.005555630,.298435641,39795,4039594,yes
small,100000,4,1,.117571007,.073345160,.079136717,.008262822,.005303611,.283619317,59295,4039594,yes
small,100000,4,2,.130331092,.086303567,.072397461,.008406180,.005890638,.303328938,59295,4039594,yes
small,100000,4,3,.130179548,.076632135,.074399451,.008234056,.005515228,.294960418,59295,4039594,yes
small,100000,6,1,.117502685,.076566199,.072252031,.011058093,.006722772,.284101780,77472,4039594,yes
small,100000,6,2,.117715365,.074212152,.079499312,.010858670,.005892161,.288177660,77472,4039594,yes
small,100000,6,3,.116221184,.083986017,.074094429,.011848004,.006673808,.292823442,77472,4039594,yes
medium,1000000,1,1,1.594684513,.094097266,.079027561,.016256117,.010801602,1.794867059,165703,40831497,yes
medium,1000000,1,2,1.591119922,.093546211,.089334602,.017084770,.010851401,1.801936906,165703,40831497,yes
medium,1000000,1,3,1.598726379,.091127880,.075977475,.016719881,.010397796,1.792949411,165703,40831497,yes
medium,1000000,2,1,.973614452,.080028583,.076988906,.019444277,.011051651,1.161127869,188085,40831497,yes
medium,1000000,2,2,.971560413,.094650249,.091957150,.019596748,.011469824,1.189234384,188085,40831497,yes
medium,1000000,2,3,.968949274,.092656558,.091837849,.019310147,.011523457,1.184277285,188085,40831497,yes
medium,1000000,4,1,.526449470,.089161470,.088943166,.024390793,.012288951,.741233850,228909,40831497,yes
medium,1000000,4,2,.524221816,.082860919,.079420447,.024041029,.012592732,.723136943,228909,40831497,yes
medium,1000000,4,3,.550051098,.077562521,.086735409,.023376464,.012106111,.749831603,228909,40831497,yes
medium,1000000,6,1,.377336780,.091678950,.075325890,.027525943,.014522980,.586390543,266218,40831497,yes
medium,1000000,6,2,.380890603,.083166788,.073578132,.027884581,.014516552,.580036656,266218,40831497,yes
medium,1000000,6,3,.380976827,.089013170,.078557563,.027142214,.014436306,.590126080,266218,40831497,yes
large,10000000,1,1,16.337599740,.218273789,.173493130,.141515987,.069173861,16.940056507,1494245,415415790,yes
large,10000000,1,2,16.350868344,.218616270,.159594504,.141245322,.068687425,16.939011865,1494245,415415790,yes
large,10000000,1,3,16.353874856,.218422389,.173390172,.141247984,.068547649,16.955483050,1494245,415415790,yes
large,10000000,2,1,9.447637731,.159643375,.122869488,.153522303,.070693900,9.954366797,1540696,415415790,yes
large,10000000,2,2,9.478514002,.160665046,.124197814,.152427775,.069610516,9.985415153,1540696,415415790,yes
large,10000000,2,3,9.477843190,.157164644,.135562003,.152416728,.071789073,9.994775638,1540696,415415790,yes
large,10000000,4,1,4.760607802,.122397387,.111289305,.163595403,.074083182,5.231973079,1630395,415415790,yes
large,10000000,4,2,4.759884171,.124803244,.109388658,.164230429,.072883155,5.231189657,1630395,415415790,yes
large,10000000,4,3,4.741664428,.121476312,.111805875,.163222495,.073179601,5.211348711,1630395,415415790,yes
large,10000000,6,1,3.165667826,.114221783,.102420169,.174885551,.075418529,3.632613858,1722757,415415790,yes
large,10000000,6,2,3.172038474,.112253634,.103273055,.173269945,.075899182,3.636734290,1722757,415415790,yes
large,10000000,6,3,3.178747837,.113962761,.100713835,.174291763,.075364351,3.643080547,1722757,415415790,yes
