size,rows_A,cols_A,rows_B,cols_B,tasks,run,mapper_s,shuffle1_s,combiner_s,shuffle2_s,reducer_s,total_s,correct
Small,100,50,50,50,1,1,.187974,.102624,.124256,.003411,.018099,.436367,yes
Small,100,50,50,50,1,2,.175832,.080160,.134116,.003515,.017951,.411575,yes
Small,100,50,50,50,1,3,.165263,.090935,.133906,.003435,.018191,.411733,yes
Small,100,50,50,50,2,1,.149251,.085879,.125443,.004164,.018352,.383092,yes
Small,100,50,50,50,2,2,.138221,.084721,.112137,.004200,.018333,.357614,yes
Small,100,50,50,50,2,3,.135141,.083986,.112131,.004168,.018297,.353726,yes
Small,100,50,50,50,4,1,.131157,.090860,.108459,.005109,.018221,.353809,yes
Small,100,50,50,50,4,2,.129919,.093539,.096593,.005387,.018360,.343800,yes
Small,100,50,50,50,4,3,.128230,.096768,.107349,.005260,.018116,.355726,yes
Small,100,50,50,50,6,1,.112560,.083887,.102716,.006430,.018188,.323783,yes
Small,100,50,50,50,6,2,.116284,.087420,.096768,.006344,.018388,.325207,yes
Small,100,50,50,50,6,3,.114268,.080819,.104648,.006709,.018680,.325128,yes
Medium,500,50,50,50,1,1,.563786,.198221,.365354,.004899,.032982,1.165245,yes
Medium,500,50,50,50,1,2,.573634,.186109,.365361,.004647,.033086,1.162839,yes
Medium,500,50,50,50,1,3,.574691,.196933,.364138,.004823,.032820,1.173408,yes
Medium,500,50,50,50,2,1,.361390,.146480,.235773,.006102,.033084,.782831,yes
Medium,500,50,50,50,2,2,.347416,.134118,.223399,.005701,.033826,.744461,yes
Medium,500,50,50,50,2,3,.346028,.132468,.234157,.006470,.034067,.753192,yes
Medium,500,50,50,50,4,1,.217092,.110839,.171064,.007180,.033543,.539720,yes
Medium,500,50,50,50,4,2,.228042,.109198,.159378,.007316,.033711,.537646,yes
Medium,500,50,50,50,4,3,.227556,.117362,.158571,.007283,.033942,.544716,yes
Medium,500,50,50,50,6,1,.185082,.102296,.144215,.008709,.033066,.473370,yes
Medium,500,50,50,50,6,2,.188606,.102551,.135882,.008498,.033234,.468773,yes
Medium,500,50,50,50,6,3,.187598,.104019,.136666,.008245,.032862,.469393,yes
Large,2000,50,50,50,1,1,2.029171,.547404,1.199750,.010308,.089485,3.876120,yes
Large,2000,50,50,50,1,2,1.956773,.538824,1.193395,.010402,.088847,3.788244,yes
Large,2000,50,50,50,1,3,1.977175,.539791,1.193878,.010289,.089982,3.811118,yes
Large,2000,50,50,50,2,1,1.122318,.314657,.687818,.012358,.089413,2.226566,yes
Large,2000,50,50,50,2,2,1.135423,.324120,.703382,.012953,.088160,2.264040,yes
Large,2000,50,50,50,2,3,1.138603,.330051,.694238,.012433,.088795,2.264122,yes
Large,2000,50,50,50,4,1,.628443,.209793,.389415,.014635,.089459,1.331747,yes
Large,2000,50,50,50,4,2,.636518,.193250,.392185,.014679,.089431,1.326066,yes
Large,2000,50,50,50,4,3,.621813,.209027,.388497,.014828,.088830,1.322998,yes
Large,2000,50,50,50,6,1,.446451,.169173,.284562,.016077,.089017,1.005281,yes
Large,2000,50,50,50,6,2,.450258,.157589,.297100,.015924,.090795,1.011668,yes
Large,2000,50,50,50,6,3,.446268,.166398,.298756,.015923,.090387,1.017735,yes
