dataset,records,procs,run,total_s,correct
small,100000,1,1,.189554597,yes
small,100000,1,2,.187914119,yes
small,100000,2,1,.277080147,yes
small,100000,2,2,.276622376,yes
small,100000,4,1,.366282691,yes
small,100000,4,2,.309124419,yes
small,100000,8,1,.558428760,yes
small,100000,8,2,.438506182,yes
medium,1000000,1,1,.876515897,yes
medium,1000000,1,2,.863105910,yes
medium,1000000,2,1,.929960518,yes
medium,1000000,2,2,.961136455,yes
medium,1000000,4,1,1.073369424,yes
medium,1000000,4,2,.973954404,yes
medium,1000000,8,1,1.218953658,yes
medium,1000000,8,2,1.081318764,yes
large,10000000,1,1,7.699021711,yes
large,10000000,1,2,7.717880973,yes
large,10000000,2,1,7.785872082,yes
large,10000000,2,2,7.818665380,yes
large,10000000,4,1,7.768166025,yes
large,10000000,4,2,7.693035580,yes
large,10000000,8,1,7.954420401,yes
large,10000000,8,2,7.908423154,yes
