dataset,workers,strategy,batch_size,query_clients,query_mode,run,records,stream_s,e2e_s,throughput,correct
medium,1,round_robin,1000,0,none,1,1000000,0.905315,1.227049,814963.6,yes
medium,1,round_robin,1000,0,none,2,1000000,0.884149,1.202436,831645.1,yes
medium,1,round_robin,1000,0,none,3,1000000,0.909454,1.169872,854794.7,yes
medium,2,round_robin,1000,0,none,1,1000000,0.382771,0.664403,1505109.6,yes
medium,2,round_robin,1000,0,none,2,1000000,0.363914,0.644096,1552562.7,yes
medium,2,round_robin,1000,0,none,3,1000000,0.3679,0.648715,1541508.9,yes
medium,4,round_robin,1000,0,none,1,1000000,0.250689,0.343747,2909113.1,yes
medium,4,round_robin,1000,0,none,2,1000000,0.242234,0.335745,2978454.3,yes
medium,4,round_robin,1000,0,none,3,1000000,0.264412,0.360106,2776962.0,yes
medium,4,round_robin,1,0,none,1,1000000,96.452977,96.499885,10362.7,yes
medium,4,round_robin,1,0,none,2,1000000,94.65176,94.698756,10559.8,yes
medium,4,round_robin,1,0,none,3,1000000,97.9887,98.035245,10200.4,yes
medium,4,round_robin,10,0,none,1,1000000,10.085777,10.136083,98657.4,yes
medium,4,round_robin,10,0,none,2,1000000,9.7527,9.798095,102060.7,yes
medium,4,round_robin,10,0,none,3,1000000,9.641133,9.686774,103233.5,yes
medium,4,round_robin,100,0,none,1,1000000,1.211249,1.235796,809195.1,yes
medium,4,round_robin,100,0,none,2,1000000,1.169712,1.194431,837218.7,yes
medium,4,round_robin,100,0,none,3,1000000,1.179985,1.205054,829838.3,yes
medium,4,round_robin,1000,0,none,1,1000000,0.264802,0.368087,2716748.6,yes
medium,4,round_robin,1000,0,none,2,1000000,0.261933,0.355936,2809491.6,yes
medium,4,round_robin,1000,0,none,3,1000000,0.241118,0.334065,2993431.9,yes
medium,4,round_robin,10000,0,none,1,1000000,0.192989,0.32429,3083659.3,yes
medium,4,round_robin,10000,0,none,2,1000000,0.193578,0.322627,3099551.7,yes
medium,4,round_robin,1000,0,none,1,1000000,0.249324,0.343074,2914820.3,yes
medium,4,round_robin,1000,0,none,2,1000000,0.268392,0.367726,2719419.0,yes
medium,4,round_robin,1000,0,none,3,1000000,0.247301,0.341188,2930933.8,yes
medium,4,least_loaded,1000,0,none,1,1000000,0.237552,0.534019,1872592.6,yes
medium,4,least_loaded,1000,0,none,2,1000000,0.238263,0.534709,1870177.0,yes
medium,4,least_loaded,1000,0,none,3,1000000,0.239351,0.532955,1876332.1,yes
medium,4,hash_server,1000,0,none,1,1000000,4.456562,4.5013,222158.0,yes
medium,4,hash_server,1000,0,none,2,1000000,4.546191,4.59085,217824.6,yes
medium,4,hash_server,1000,0,none,3,1000000,4.548924,4.593959,217677.2,yes
medium,4,round_robin,1000,1,fresh,1,1000000,0.360542,0.452251,2211160.5,yes
medium,4,round_robin,1000,4,fresh,1,1000000,1.402569,1.437778,695517.9,yes
medium,4,round_robin,1000,16,fresh,1,1000000,5.521871,5.961611,167739.9,yes
